{
  "id": "dnd-folder-theme",
  "name": "dnd-folder-theme",
  "title": "D&D 5e Ordnerfarben Theme",
  "description": "Ein Theme-Modul für Foundry VTT, das Ordnerfarben basierend auf D&D 5e Kategorien anwendet.",
  "version": "1.0.0",
  "author": "ChatGPT",
  "minimumCoreVersion": "0.8.6",
  "compatibleCoreVersion": "11",
  "styles": ["styles.css"],
  "esmodules": [],
  "scripts": [],
  "packs": [],
  "languages": [],
  "url": "https://github.com/eldonden/dnd-folder-theme",
  "manifest": "https://eldonden.github.io/dnd-folder-theme/module.json",
  "download": "https://eldonden.github.io/dnd-folder-theme/dnd-folder-theme.zip"
}
